creation_time,id,url,title,keywords,description
2023-05-17 20:21:51.822000,1761259107,https://www.facebook.com/login/?next=https%3A%2F%2Fwww.facebook.com%2Fprofile.php%3Fid%3D100092435801460&__cft__%5B0%5D=AZXZqfC2hx1Lf82mVLyeca7Rxjnq26u9C8AL3OEMqVV2AJ5zcz9nwWawVtGFXJ65jS3gEJLMgzSKcinOjLX3Zzjr2sCgbjxwheOlA-zhds0tkO6_-t-1tt6vIALCD6LkzgaWpqNIN7jwIXFH7UTkYs-Z9wjjr1zKGyaj8sE0Nj3SnnPRdqYFSKY5fbD3Jh2ehSHBZmknfefT8G-HTXHIKvjtW7oBnzf2mSyqhZBkSfLt6ePJtPUHM0KtuJsCiv3UFD4VN6Hd4GqhlIU0J2K9t8YGiEBArRDZadV8xFUfD4RlPrZiz7XmRyykypLSvfeNg2Q&__tn__=-UC%2CP-R&_fb_noscript=1,Dreamtraveler FB page,,"See posts, photos and more on Facebook."
2023-05-17 20:21:53.424000,1761259407,https://rozanafresh.com/?fbclid=IwAR34DmKH5QM7Y9_BMI7Vt1OqGeFLAjzQi7w1GrBYfrGxoPlVH1i7Ae1Skp0,Top Apps Ranking - Most Popular Apps in Hungary | Similarweb,,Top 50  apps ranking in android Google Play Store in Hungary by installs and usage data - See the Full list here
2023-05-17 20:21:54.550000,1761258918,https://werkenbijdekamarkt.nl/nl/nl/mensen-geen-robots-chauffeur,Werken in Logistiek als Mens,Werken in Logistiek als Mens,"Wij zoeken jou. Een mens dat lacht, soms foutjes maakt, en zin heeft in een nieuwe baan als Chauffeur bij Detailresult Logistiek."
2023-05-17 20:21:58.304000,1761258205,https://www.facebook.com/login/?next=https%3A%2F%2Fwww.facebook.com%2FHelloVacay%3F__cft__%5B0%5D%3DAZU6x91UUOWi3mbmuX8sZE53wCrKSFVfhCBk6fnxbmc-kkKdJdFxEjOeJHVZlX5o5Ar6y_skXlsI9tXriVGQaCBFCFE9Z-zREHU-MfrPqqesRq0BzshZw9ZPFmbVDTSLbmRzbrvOpCzRvDoM6GLkFPiBhc2jmYRFa1wpuWyb7QdoNj-pVBlwcpxu14MOb8FKVJ9n9J7sN6E2rHZymVLYdnKdfu-so9AocpX_hpe8aY4Rb9KaUJcPVKIvzON3J8wVmwHETh2NRQmB3FesVREr1IgLISQR-HwHQRb3OmrNiH68KVEA2m1JVaRNg20eKO0AyCI&__tn__=-UC%2CP-R&_fb_noscript=1,HelloVacay FB page,,"See posts, photos and more on Facebook."
2023-05-17 20:21:58.491000,1761260686,https://www.facebook.com/login/?next=https%3A%2F%2Fwww.facebook.com%2F&_fb_noscript=1,jimmy boy vlog FB page,,"See posts, photos and more on Facebook."
2023-05-17 20:21:58.494000,1761258360,https://www.hottopic.com:443/product/bandai-spirits-one-piece-monkey-d.-luffy-collectible-figure/20400725.html?mr:trackingCode=F1FF2655-07B4-ED11-8129-0050569437F6,Bandai Spirits One Piece Monkey D. Luffy Collectible Figure | Hot Topic,Commerce Cloud Storefront Reference Architecture,"Show off your fandom with our Bandai Spirits One Piece Monkey D. Luffy Collectible Figure, available online at Hot Topic today!"
2023-05-17 20:22:02.730000,1761260475,https://www.facebook.com/login/?next=https%3A%2F%2Fwww.facebook.com%2F&_fb_noscript=1,Todaybet III FB page,,"See posts, photos and more on Facebook."
2023-05-17 20:22:04.249000,1761257446,https://play.google.com/store/apps/details?id=com.getloanapp.aadharloanguide.applyonline&gclid=EAIaIQobChMI5JKVyu78_gIVY0SRBR2ExQLUEAEYASAAEgJxMPD_BwE&referrer=gclid%3DEAIaIQobChMI5JKVyu78_gIVY0SRBR2ExQLUEAEYASAAEgJxMPD_BwE&gref=EikQAhohChsKEwjkkpXK7vz-AhVjRJEFHYTFAtQQARgBIAASAnEw8P8HARiL6PSJKSIKCAEYECABMAE4AQ,5 Min me Aadhar Loan Guide - Apps on Google Play,,Aadhar Loan in 5 Min Loan Guide App know that how to get a loan in 5 minute
2023-05-17 20:22:10.140000,1761258686,https://www.facebook.com/?_fb_noscript=1,Today bet ‚Ö¢ FB page,,"Log into Facebook to start sharing and connecting with your friends, family, and people you know."
2023-05-17 20:22:11.453000,1761257762,"https://www.hy-vee.com/deals/coupons/13a11804-6d4a-40c4-a248-c88b4b2c0b1c?utm_source=QuadCity-SBU&utm_medium=Online&utm_campaign=Hy-Vee-Bettendorf&utm_content=WPC.1,pid.0,o.242,aid.497666,v.82338437_86,ori.barker,t.d",Hy-Vee Deals,,Coupon details page
2023-05-17 20:22:12.305000,1761256829,https://hocoe.com/,KingGame,,KingGame
2023-05-17 20:22:12.899000,1761256766,https://www.facaselfierro.com/promocoes/faca-artesanal-para-churrasco-el-fierro-aco-carbono-7-cabo-madeira?fbclid=IwAR1cB3wydx5tnCzACX5qiNMvGnIkRSwBLlhSYZ6wSfrhf-x23iYtm74qoIc,[Facas El Fierro],tray,-
2023-05-17 20:22:15.792000,1761256834,https://kontist-steuerberatung.de/,Kontist Steuerberatung,,Kontist Steuerberatung
2023-05-17 20:22:16.178000,1761261845,https://m.youtube.com/watch?v=4XyTPMlNE4I&feature=youtu.be,‡§≠‡§æ‡§ó‡•ã ‡§™‡§æ‡§™‡§æ ‡§≠‡§æ‡§ó‡•ã üòÇ ~ mini wood toy-woodworking art skill wood / hand crafts / #shorts - YouTube,"video, sharing, camera phone, video phone, free, upload","Share your videos with friends, family, and the world"
2023-05-17 20:22:30.009000,1761258902,https://creiden.com/,Creiden Web Development - Mobile Applications,,"Creiden is a leading web development, web designs, WordPress and mobile applications company, dedicated to deliver high quality solutions to our clients"
2023-05-17 20:22:42.258000,1761259731,https://www.falkensteiner.com/en/destinations/holiday-dalmatia?utm_source=rtb&utm_medium=native-ad&utm_campaign=2305-00ENXX-HR-Destination&utm_content=awa,Summer Holiday in Dalmatia Croatia | Falkensteiner Group,,"Spend your summer holiday in the diverse region of Dalmatia in Croatia and enjoy spectacular creeks, islands and crystal clear waters with Falkensteiner!"
2023-05-17 20:22:43.611000,1761260239,https://www.draegoo.com/collections/hot-sale?utm_source=FB&utm_medium=051115-dan-skeleton&utm_campaign=1115-dan-skeleton__1__23854324944660354+-+Copy+2&utm_content=051115-dan-skeleton&fbclid=IwAR15MMSorsauwsH_M-x4pCP1jYqk3IoVxBIFFH1T2B1gwhHtxGUxmlOK1g0,Hot Sale,draegoo,draegoo
2023-05-17 20:22:44.439000,1761260319,https://www.newstalk.com/podcasts/highlights-from-moncrieff?fbclid=IwAR1zl7LfbluiKQyrJtuOrEr6seZzeFUdodz2flvmI8Bl9ETpY8eg_zzHc3I,Moncrieff Highlights Podcast | Newstalk | Newstalk,,The daily dose of madness and intrigue from Sean Moncrieff and his rebel radio crewListen and subscribe to Moncrieff¬†on Apple Podcasts or Spotify.¬†¬†¬†¬†Do...
2023-05-17 20:22:47.462000,1761258274,https://angelgiving.io/angel-givings-10-point-plan-crypto-success/?utm_source=Facebook_Ad&utm_medium=Facebook_Desktop_Feed&utm_campaign=10+point+plan&utm_content=April+Bullseye&fbclid=IwAR1Nk86xkdeq5_39zSUS2aW_bJeEzQkG5p75-fs4j7-olEoTCaEhU7WbfSg,Angel Giving's 10-Point Plan for Nonprofit Fundraising Success - Angel Giving,,"We believe donors want to see more made of their donations, especially so when donating crypto. Read how Angel Giving helps nonprofit fundraising success!"
2023-05-17 20:22:52.514000,1761261369,https://www.investsmartsolutions-c.com/collections/adrianna-papell/products/191914100?campaign_id=23854113893840280,Adrianna Papell Bridesmaid Dress Style 191914100                | Bella Bridesmaids,,"Art deco beading adorns this beloved halter dress from neck to hem. This beaded dress features a blouson bodice with a keyhole back, a flowing straight skirt, and a single button closure at the neckline."
2023-05-17 20:22:57.004000,1761258458,https://paintvine.co.nz/collections/dragvine?wbraid=CjoKCAjw04yjBhAQEioAqR3v_GUO-A1Ix4PV6w29PqK3DPUmevQJBKaSG-OnUfsEMOf6Zw5XCZYaAhL8,Upcoming Dragvine‚Ñ¢ Events - Drag Queen Show  ‚Äì Paintvine¬Æ,,"Prepare to be razzled, dazzled and ready to party at a Paintvine event like no other - Dragvine. Hosted by RuPaul's Drag Race Anita Wigl'it. For lovers of drag, and for those that have never been - there is something for everybody at Dragvine."
2023-05-17 20:22:59.978000,1761261208,https://www.facebook.com/?_fb_noscript=1,Canale Romanesti I-Play FB page,,"Log into Facebook to start sharing and connecting with your friends, family, and people you know."
2023-05-17 20:23:06.270000,1761257057,https://m.jdsports.nl/product/grijs-adidas-originals-ss-track-pants-junior/19526292_jdsportsnl/?istCompanyId=73ad4de9-06ca-41f9-a3eb-10d865cde633,Grijs adidas Originals SS Track Pants Junior - JD Sports Nederland,,"Shop adidas Originals SS Track Pants Junior de nieuwste herenmode inclusief kleding, schoenen en sportkleding. Koop online bij JD Sports en scoor de beste merken"
2023-05-17 20:23:09.128000,1761259436,https://www.facebook.com/login/?next=https%3A%2F%2Fwww.facebook.com%2Fprofile.php%3Fid%3D100089587894342&__cft__%5B0%5D=AZVVdsw2b-AadzFSi_wQXHuREbqexvktGgfouh4PdOWloFldGstn9I13yUAseootbeAAXifwA2eNy1pt7__uRqwd3b1xUOmOflOEkFjla9nRIPE017Lc0J1n9fsHRpQMVY8tBxRs3SJ8Qq-nW1EdUUdoUx6s7UutKQ1YocXOcedTuHEdt-iZUdxF36jSAOp4uy39pgNCWDpHuRknsp3ke_NyqWVjrbUFz_PgArUeR5BF8FUb4XGZzL9_O-8-Acjxm2jft2rv75mf-XfPzajmX_at9qcHDBBAeXXTJA2qYufqjtPMbDehV5yUdMKJ--mcPxI&__tn__=-UC%2CP-R&_fb_noscript=1,The Landscape Factory FB page,,"See posts, photos and more on Facebook."
2023-05-17 20:23:10.911000,1761260336,https://taboolanews.com/summary-page/-7276688348822162184?utm_source=taboola&utm_medium=taboola_news&dc_data=17832365_mirmay-kodebrowserapp,Alfonso Ribeiro‚Äôs Family Issues Update After Daughter‚Äôs Accident | Start Magazine,,"Just before her 4th birthday, Alfonso Ribeiro's daughter was involved in a scooter accident. See what the family had to say on her condition."
2023-05-17 20:23:11.234000,1761257682,https://taboolanews.com/summary-page/-5976694862178942894?utm_source=taboola&utm_medium=taboola_news&dc_data=17703589_mirmay-kodebrowserapp,Kaitlan Collins To Host New CNN Primetime Show As Network Unveils Plans At Upfront --- Update | Start Magazine,,"UPDATED: CNN Worldwide CEO Chris Licht confirmed that Kaitlan Collins would be taking over the 9 p.m. ET primetime slot, filling a major hole in the network schedule as it faces sagging ratings."
2023-05-17 20:23:11.366000,1761259343,https://www.eskytravel.it/flights/select/oneway/ap/CAG/ap/VCE?&pa=1&py=0&pc=0&pi=0&sc=economy&departureDateOffset=2&gclid=CjwKCAjw9pGjBhB-EiwAa5jl3Jof6GiA5tVW9W6QD2sPSHooDlnQm2ZeQ5CLmtu8zBjBwcn4_KJn1RoCY-cQAvD_BwE,Cagliari (IT) ‚Üí Venezia (IT) - Search results,esky,Prenota voli economici per qualunque destinazione e trova hotel in tutto il mondo. Trova le migliori offerte sui biglietti aerei con eSky e vai in vacanza!
2023-05-17 20:23:16.498000,1761261229,https://www.mouser.com/new/analog-devices/maxim-max31334-rtc/?utm_source=electronicdesign&utm_medium=display&utm_campaign=analogdevicesinc-newmaxim-integratedmaxim-max31334-rtc&utm_content=970x90&utm_id=725436&dclid=ÔøΩclid!,MAX31334 Ultra-Low-Power Real Time Clock - Analog Devices / Maxim Integrated | Mouser,"max31334, analog devices max31334, max31334 rtc, maxim max31334",Analog Devices MAX31334 Ultra-Low-Power Real Time Clock is a time-keeping solution that consumes 70nA of current. 
2023-05-17 20:23:23.031000,1761258854,https://food.grab.com/ph/en/restaurant/andok-s-a-mabini-delivery/2-CYTCLAXVETJEPA?utm_medium=social&utm_source=facebook+instagram+audience_network+messenger&utm_campaign=smartly_PH_F4001_CLUSTERALL-CLUSTERALL_PAX_GF_ALL_200921_CONV-MARA-APPC_FBR_%3CPHGFBDMEXPUSH%3E_PH_PdtsUP-DPA&utm_content=smartly_PH_F4001_CLUSTERALL-CLUSTERALL_PAX_GF_ALL_200921_CONV-MARA-APPC_FBR_%3CPHGFBDMEXPUSH%3E_PH_PdtsUP-DPA-ph_Retarget_180D_exclude5D-GF_GenericFullTitle&utm_id=615e98754bef6d2a52681254&fbclid=IwAR2OgUe8KPHiT8WZiAX4zoa5IWySaj6KncXIioqY-WaFZR46et6lYuaotFM/,"Andok's - A. Mabini: Menu, Delivery, Promo | GrabFood PH",,"Looking for food delivery from Andok's - A. Mabini? Check their favourite menu, prices, promos, and order now with GrabFood."
2023-05-17 20:23:24.436000,1761257153,https://www.draftkings.com/lp/achievements#/bestball/qb-hunt,DraftKings Achievements,,Earn rewards and boost your status by completing Achievements all season long.
2023-05-17 20:23:24.969000,1761259761,https://www.etsy.com/uk/listing/1464073923/place-value-math-educational-poster?gpla=1&gao=1&&utm_source=google&utm_medium=cpc&utm_campaign=GDN_UK_DSK_CRM_Dynamic&utm_ag=New-Purchasers-Similar&utm_custom1=_k_EAIaIQobChMIytmdge_8_gIVkfDtCh1Y1Qq4EAEYASABEgJg3PD_BwE_k_&utm_content=go_12802310053_142024187251_596119380855_aud-1654214620973_c_&utm_custom2=12802310053&gclid=EAIaIQobChMIytmdge_8_gIVkfDtCh1Y1Qq4EAEYASABEgJg3PD_BwE,Place Value Math Educational Poster Maths Learning Poster - Etsy UK,,"This Digital Prints item by MyLamaMoon has 19 favorites from Etsy shoppers. Ships from United States. Listed on 15 May, 2023"
2023-05-17 20:23:26.235000,1761257020,https://ecvilibrist.de/?subid2=658444498701&subid3=www.liveatc.net&gclid=EAIaIQobChMIlonPhO_8_gIVll0VCB3pqAYEEAEYASAAEgJiPfD_BwE,How to Adjust Bike Brakes,,How to Adjust Bike Brakes
2023-05-17 20:23:26.838000,1761258728,https://parkandfifthco.com/products/davenport-bridal-2?currency=CAD&variant=42760219328676&utm_medium=cpc&utm_source=google&utm_campaign=Google+Shopping&utm_source=google&utm_medium=cpc&utm_campaign=hdmcapmax1&gclid=CjwKCAjw9pGjBhB-EiwAa5jl3D1QXWfrUIyQOEKCjsKJev2h9Y9v7sONqdmfEEGrzO-3CfeIrEvN4hoCzgcQAvD_BwE,Davenport Bridal Dress - Park & Fifth                      ‚Äì Park & Fifth Clothing Co,,"Satin bridal dress in pearl satin. Fused bodice, backless dress with adjustable tie straps. Made with a train."
2023-05-17 20:23:28.183000,1761256711,https://www.purehockey.com/product/bauer-vapor-2x-pro-hockey-gloves-senior/itm/41272-41/?gclid=EAIaIQobChMIvJDFh-_8_gIVVCcBCh3JsgVlEAEYASABEgJCM_D_BwE,Bauer Vapor 2X Pro Hockey Gloves - Senior | Pure Hockey Equipment,",bawer,baur,bower,bauers,buaer,buare,bauer hockey,bauer,nike,nikebauer,nike-bauer,nike,bauer,nbh,nike/bayer,niek,Nike Bauer,NikeBauer,NBH,buare,Nike,bakejer,vauer,auer,baure,baueur,glove,gloves,glve,golve,golves,golve,lgoves,lgove,gluves,gluve,goavles,goavle,gglove,gglolves,ggolves,protective,bestof2016,glove,gloves,glve,golve,golves,golve,lgoves,lgove,gluves,gluve,goavles,goavle,gglove,gglolves,ggolves,hand,hands,protective,senior,sr,sr.,adult,giftsforhim,holidaytime,mens,men","Shop Bauer Vapor 2X Pro Hockey Gloves - Senior from Pure Hockey. We offer the largest selection of Hockey Gloves at the lowest prices, guaranteed."
2023-05-17 20:23:31.363000,1761259802,http://ww38.generalexcerpts.com/cremation,generalexcerpts.com,,This domain may be for sale!
2023-05-17 20:23:34.316000,1761257635,https://www.facebook.com/login/?next=https%3A%2F%2Fwww.facebook.com%2F&_fb_noscript=1,S√ºryani Hoca FB page,,"See posts, photos and more on Facebook."
2023-05-17 20:23:40.860000,1761261308,https://samsaradesigns.co/?gclid=EAIaIQobChMI5bCCjO_8_gIVRUd8Ch0JDgRvEAEYASAAEgIvMPD_BwE,Samsara Designs,,Samsara Designs
2023-05-17 20:23:44.318000,1761260814,https://www.facebook.com/login/?next=https%3A%2F%2Fwww.facebook.com%2Fprofile.php%3Fid%3D100071903977767&__cft__%5B0%5D=AZWuTgV-ZD4rZW_giJNk9dYKCVN5Jes1QjwloX8zKM5Vz4_rihlGGj6L3T6hnhIPZmq932h49zCX9E2APF0zyIpx_z97ASsAxAVv6HAl0sEDBmkwYtAl3z59cbwFoy3uw5EpgWHZ9k173cGXo7TDwESmHuxUkhjzZEactKiE27_RDdpURs08Ug6VbdYzvtrXe3OULBt7zWO3DQY5WewOjFjqKMmcv0hr3R6DxtYcK4CR9RjjNHsx6JX97KHvyQcrSXONWFqlv4M0XHyEP7-7EMAMDF32QORnOQPJvGaWB9Bteg&__tn__=-UC%2CP-R&_fb_noscript=1,Jessica Barysz make-up FB page,,"See posts, photos and more on Facebook."
2023-05-17 20:23:47.190000,1761260548,https://www.facebook.com/login/?next=https%3A%2F%2Fwww.facebook.com%2F&_fb_noscript=1,Server Jepang Pasti Maxwinn FB page,,"See posts, photos and more on Facebook."
2023-05-17 20:23:58.891000,1761259713,https://theholybag.com/products/aquarius?fbclid=IwAR3SjyK_SZRf1FQDbs70t6lH5V8-7qbljbYeopdch8OE5OzaYlfAs4ZkNEY,AQUARIUS Natural  ‚Äì The Holy Bag,,"This bag is made to add an extra touch of luxury to your appearance. Complete your look with this must-have tote in earthy colors, that will help your transition from day to evening. It fits with almost every outfit. From your jeans and T-shirts to your long summer dresses. Inner pocket with zipper to store your phone"
2023-05-17 20:23:59.473000,1761259218,https://www.nazarenorossetti.com/en/collections/i-nostri-orologi/products/fomalhaut_soft_spring?soft-spring-pubblico-lusso,Soft Spring ‚Äì Nazareno Rossetti,,"The first of the seasons, the beginning, the opportunity: spring is what hope represents, spring is all here, enclosed in your Nazareno Rossetti. The light steel protects and frames the sapphire-coated glass lens that encloses the double-layer dial, guaranteeing perfect visibility from every angle, a unique feature of"
2023-05-17 20:24:00.249000,1761257240,https://www.amazon.it/dp/B015NG44Z2?aaxitk=d23ac2cce0c41d211c530dfcb3e6ce46&smid=A11IL2PNWYJU7H&ref=dacx_dp_582862614243288865_576818501490463716,"Moleskine Classic Notebook, Taccuino a Righe, Copertina Rigida e Chiusura ad Elastico, Formato Large 13 x 21 cm, Colore Blu Zaffiro, 240 Pagine : AA.VV: Amazon.it: Cancelleria e prodotti per ufficio",,"Compra Moleskine Classic Notebook, Taccuino a Righe, Copertina Rigida e Chiusura ad Elastico, Formato Large 13 x 21 cm, Colore Blu Zaffiro, 240 Pagine. SPEDIZIONE GRATUITA su ordini idonei"
2023-05-17 20:24:01.905000,1761260344,https://www.ecer.com/m/corp/uuu4ywf-pcbterminal-block/search-servo-motor-connectors-ip67?src=ec_ads_a,servo motor connectors ip67 - servo motor connectors ip67 Manufacturer,"servo motor connectors ip67, servo motor connectors ip67 Manufacturer, servo motor connectors ip67 for sale","High Quality servo motor connectors ip67, Buy servo motor connectors ip67 From Professional Manufacturer, Find servo motor connectors ip67 from Ready China Technical Co.,ltd for best price"
2023-05-17 20:24:05.858000,1761259977,https://www.facebook.com/login/?next=https%3A%2F%2Fwww.facebook.com%2Fprofile.php%3Fid%3D100046230891909&__cft__%5B0%5D=AZVcwqf8kiCtceIxtQU-GcuvvEHzgBHGiL1aaND9sYqNZQORr_qKcPShO1pIyUBWkiPnqyiAfMg-DseICQZj10QT4X0-Duhj8ve5OOh7anLy-Xdr_A_PBdPXYstTzEuMeO_VZRH3Rfif59Kf7IwDdxv4pKdEPLio42o42x9HNyz6ivfYv9187gjm5pA_pAA0jm5z_UPyaLp5X1KAzdhJbfXb-8sccoAAR7PQMB4KAMwUWgHIDN1BklH9lMvbhqcgaYCuNV3-XELipzUWcuE2G9fm3CwdFH8RR5Zgv7aLO4U3mWi-DDFxJIJ75EJC4qb7M1o&__tn__=-%5DC%2CP-R&_fb_noscript=1,Conoce tu casa Slp FB page,,"See posts, photos and more on Facebook."
2023-05-17 20:24:06.315000,1761257853,https://ca.reigningchamp.com:443/products/rcfc-long-sleeve-jersey-black?variant=42265154683080,RCFC Long Sleeve Jersey | Reigning Champ,,"A club uniform for on and beyond the pitch, this match-ready soccer polo is handcrafted from a tonal striped jacquard jersey. Designed with flat knit collar and cuffs, a two-button placket, set-in sleeves, and an embroidered RCFC logo patch on the left chest."
2023-05-17 20:24:14.239000,1761257357,https://m.youtube.com/watch?v=j9OXtMn0svA&label=video_click_to_advertiser_site&ctype=110&ms=%5BCLICK_MS%5D,amsterdam vlog | spring 2023 - YouTube,"video, sharing, camera phone, video phone, free, upload","Share your videos with friends, family, and the world"
2023-05-17 20:24:20.314000,1761259420,https://www.facebook.com/login/?next=https%3A%2F%2Fwww.facebook.com%2Fprofile.php%3Fid%3D100089216612051&__cft__%5B0%5D=AZUWML849sqZ5m6KiDKBIKwWMKEiIL9aIsnuuS0mLcwNErTPGJGHdvPWPtU5gvy5zS3HAwXuKC0mAUJKovkxJPUPpEPQS5LZsLwi0QkUTxtAqH6FKAbg3jF8QrPpYj6hb541YbiAscS12TSl_u1t5wTltOYwGAWzChun5FN1wNIFwCEeetoI0f0MfNkO3u1w5UxDutpgQS9oe-HEh1Gpp17ZmvgGnYeaRYzsI9970AEjDCMGFWlsqqapJ4YuaW9doxHAoTXuUAjCmbsbkUZz-fPDQQTx9fLwSViNUhRNFzdlS43LPcndKToN1ZFkCBmpCBk&__tn__=-UC%2CP-R&_fb_noscript=1,T store FB page,,"See posts, photos and more on Facebook."
2023-05-17 20:24:25.203000,1761256713,https://www.reserved.com/pl/pl/sukienka-z-dresowej-dzianiny-1-0620m-85m?utm_source=facebook&utm_medium=cpc&utm_content=Bests-Sale-0323-PL-W-APP&utm_campaign=Ecom_PL_Re_facebook_Con_03-23_Bests-Sale-K_GLOBAL_W&utm_id=6334857903835&fbclid=IwAR3qykhWjn0Ru44pWeiork8_SMnn-fahM28l2ZrvbUxqsYZBLMISFJIuzUA,"Sukienka z dresowej dzianiny, RESERVED, 0620M-85M","Sukienka z dresowej dzianiny, , szary, RESERVED","Sukienka z dresowej dzianiny, , szary, RESERVED"
2023-05-17 20:24:26.981000,1761261416,https://www.britishcouncil.ro/en/exam/ielts/study-abroad/europe?utm_source=fbinsta&utm_medium=display&utm_campaign=exams-universitystudents-ielts-eu-ro-destination23&fbclid=IwAR04mszCZB4QaJiGItqNPH4w8EXgN5VX9mTIO_msQVb7Q8X0BV4D_XoGHRg,Study in Europe with IELTS | British Council Romania,,Do you want to study in Europe? IELTS will help you get there.
2023-05-17 20:24:31.141000,1761261288,https://bandabags.com?utm_source=google&utm_medium=cpc&utm_campaign=20149430571&utm_content=151756472120&utm_term=&gadid=658906816224&label=video_click_to_advertiser_site&ctype=110&ms=[CLICK_MS],"Banda Bags: Sustainable, Handmade & Cruelty-Free Fashion Accessories                      ‚Äì Banda Bags",,"Discover Banda Bags, the ultimate collection of sustainable, handmade, and cruelty-free bags that make a statement! Shop our vibrant range of tote bags, clutches, and backpacks crafted by skilled artisans, and join our mission to empower communities and preserve traditions. Make a difference with Banda Bags today!"
2023-05-17 20:24:33.416000,1761259457,https://www.bhhs.com/fox-and-roach-realtors-pa301/west-chester/holly-gross/cid-76104/pa/130-mount-carmel-rd-coatesville-19320/pid-347158934?utm_source=chalkdigital-alm&utm_medium=google#%237455&utm_id=2-80000348982-384188-25878233&utm_content=alm,"130 MOUNT CARMEL RD ROAD,  Coatesville - MLS PACT2043974 - Berkshire Hathaway HomeServices",,"See photos for this 3 Bath, 3 Bedroom property in Coatesville, PA 19320"
2023-05-17 20:24:37.506000,1761258355,https://www.facebook.com/login/?next=https%3A%2F%2Fwww.facebook.com%2Fprofile.php%3Fid%3D100091800120582&__cft__%5B0%5D=AZWX18WXCTZ3silhBc_QimBsBTIVJ1mQ9vQS7U9ISja031kP4nqB-QaSG7N-Jk2nSLfdh66Vqeciy5t8b8BYu0b2KADuwdpN_Rt6DBuUWGXah515zHYbxzA14Ra2-UC8KYxZsMUVQ2czMMcvOG6vvDP1U861wRNZYBAXBEE3umZmYVUZ0abwQhz4bLyPcOJnxA-HK4qHEis6YFtP6d0UANxpnQLWRaK97tdY_Zu8MU8Iu4D87RGH7LG9waKO4UBJJHAhLrs-3hlOcb-bPvnhi_ZGYH5foFOLioQxrGhPokO_8v7WZPMxtPYnOUqaEqacB84&__tn__=-UC%2CP-R&_fb_noscript=1,Yagriel FB page,,"See posts, photos and more on Facebook."
2023-05-17 20:24:40.408000,1761260394,https://www.crazygames.com/terms-and-conditions,Terms and conditions - CrazyGames,,Terms and Conditions
2023-05-17 20:24:41.252000,1761258495,https://kingsleylawson.com.au/nsw-workplace-injury-compensation/?utm_source=google&utm_medium=cpc&campaignid=19751301026&adgroupid=145158628063&content=%7Badid%7D,NSW Workplace Injury Compensation - Kingsley Lawson Lawyers,,"Our team can assist you in making a WorkCover claim, filing a workplace or superannuation insurance claim, or pursuing other means of compensation."
2023-05-17 20:24:54.473000,1761259808,https://www.facebook.com/login/?next=https%3A%2F%2Fwww.facebook.com%2Fprofile.php%3Fid%3D100083578570174&__cft__%5B0%5D=AZX5Inocs3-oQKAgZE0hG-Ouq_KgwpBFAr4AsPlTzKILhi674M4e7E99I89JDqPT7nRL4EUqqk1O3EQ4HJqjrrVyg8Z_xH9fB3wKGawpgxyCwCOR1koQdaCi99d8Ub93YdWRbd8nUPoHV7d8TIy03vnPR7x-Id8ctHOwsJkL8nnmIVhsBSJkWrMJtx8_ubq21OOB0ICjydRqjDHaeJFKZ7NsP_oosnxQLE941dD4p8v-JHuEJrLMGYynzffvfrNnZH2Y70QL1iU6K2K1e-Wx_6PjoE-V-PA3NdlUTRuM0jD20wxfH5diFSTsx9R0Yys-tUg&__tn__=-UC%2CP-R&_fb_noscript=1,Chic style FB page,,"See posts, photos and more on Facebook."
2023-05-17 20:24:59.286000,1761260576,https://www.facebook.com/login/?next=https%3A%2F%2Fwww.facebook.com%2FCicloturismoBizkaia%3F__cft__%5B0%5D%3DAZXA2FGuwhqAFAlchIWeqCXGRigLkX71IcEZAAm6HggoL_xWxxPq3mza43KzjUEFq8lSgRFpVBbAwkpKzKD4aTciAODOenbV_ecliaUp7y2cCkfGGoR0v2CLrAdbz3IA_sA8ZHRllJ0XWzaEpDUdswJITixp52iEE_Ouu_edj-q8sk_jew8qhgeFWbO8ZcuLjUURFLj0jexJnKxQ89x9Kp7LcZTOk6YkWeSUHMqw_4tbwW7ZghpCUvmb0PCKqDkj3EVTEffxgE8O-nFAdZg0kE-DyHfEq62nOqfeH0T35PWPvLslXVXjPljM6BP6j1adoSs&__tn__=%2CmH-R&_fb_noscript=1,Cicloturismo - Federaci√≥n Bizkaina de Ciclismo FB page,,"See posts, photos and more on Facebook."
2023-05-17 20:25:00.334000,1761260277,https://m.youtube.com/watch?v=vdpTUtqRaS8&feature=youtu.be,5Êúà17Êó•AI Êô∫ËÉΩÈÅ∏ËÇ° ÊäÄÂòâ Ê¨£Ëàà Á¢©Â§© ‰∫ûÁøî ‰∏âÂïÜÈõª ‰øùÂãùÂÖâÂ≠∏ ÊòìÈ£õÁ∂≤ Â±±ÂØå ‰∫îÁ¶è - YouTube,"video, sharing, camera phone, video phone, free, upload","Share your videos with friends, family, and the world"
2023-05-17 20:25:01.067000,1761261659,https://www.oakley.com:443/en-us/product/W0OX5145?variant=888392531117,Money Clip Satin Corten Eyeglasses | Oakley¬Æ US,,Buy Oakley eyeglasses for Mens Money Clip with Satin Corten frame. Discover more on Oakley US Store Online.
2023-05-17 20:25:05.095000,1761260683,https://www.westelm.com/shop/dining-kitchen/?cm_ven=remarketing&cm_cat=Amobee&cm_pla=display&cm_ite=d9177a7,Modern Kitchenware & Dinnerware | West Elm,,"Prepare your table with modern dinnerware from West Elm. These pieces are crafted with high-quality materials, including stoneware and porcelain, which are suitable for casual and formal dinners alike."
2023-05-17 20:25:05.698000,1761258974,https://event.on24.com/wcc/r/4201343/61F29695DD6E2A62B86C0089CAAA244B?utm_source=2060digial,Healing from Shame: When Someone We Love Is Addicted,,"Friday, June 02, 2023 at 11:00 AM Central Daylight Time."
2023-05-17 20:25:05.723000,1761259461,https://www.mansionglobal.com/articles/sponsored/rugged-individualism-with-a-luxe-bent-at-idahos-tamarack-resort-108b0144?mod=anyword,‚ÄòRugged Individualism‚Äô With a Luxe Bent at Idaho‚Äôs Tamarack Resort - Mansion Global,"location_market-idaho,credited_by_mansion_global","2,800 vertical feet of skiing, a soon to re-open 18-hole championship golf course, and a 47-square-mile lake all await buyers, 90 miles north of Boise"
2023-05-17 20:25:08.693000,1761257435,https://www.facebook.com/login/?next=https%3A%2F%2Fwww.facebook.com%2F&_fb_noscript=1,Dita Fatmawati FB page,,"See posts, photos and more on Facebook."
2023-05-17 20:25:09.561000,1761261133,https://m.youtube.com/watch?v=42adaAQs8fE&feature=youtu.be,#Making glitter sheet flower üå∫ #RF art and craft #Decorating house.. - YouTube,"video, sharing, camera phone, video phone, free, upload","Share your videos with friends, family, and the world"
2023-05-17 20:25:09.908000,1761258614,https://www.facebook.com/login/?next=https%3A%2F%2Fwww.facebook.com%2Fpeople%2FSlot11%2F100081190423754%2F&_fb_noscript=1,Slot11 FB page,,"See posts, photos and more on Facebook."
2023-05-17 20:25:10.212000,1761259443,https://farbank.com/pages/redington-ready-to-fish?utm_source=MidCurrent&utm_medium=CPM&utm_content=Ready+To+Fish-Ready+To+Fish&utm_campaign=Collection,Redington Ready To Fish,,"Built around a passion for fly fishing. We are anglers and adventurers with a shared mission to deliver outstanding products and extraordinary experiences to our vibrant fly fishing community through our brands, education, and conservation initiatives."
2023-05-17 20:25:12.281000,1761259268,https://m.youtube.com/watch?v=ygaG3m3AKZw&feature=youtu.be,jisoo flowerüå∫ #finus art and craft - YouTube,"video, sharing, camera phone, video phone, free, upload","Share your videos with friends, family, and the world"
2023-05-17 20:25:20.020000,1761258864,https://www.ritehite.com/it/eu/products/industrial-doors?gclid=EAIaIQobChMI2LPwve_8_gIVcBCtBh11iQvIEAEYASAAEgIWnPD_BwE,Porte industriali | Rite-Hite,,Scegli le porte industriali adatte a te su Rite-Hite. Porte scorrevoli ed avvolgibili industriali per soddisfare le diverse esigenze della tua struttura.
2023-05-17 20:25:24.202000,1761258626,https://uae.voxcinemas.com/movies/neymar-malayalam?fbclid=IwAR0-Myakgie8LV8KahQoUv6dVwooGQGAVuWFrLqGpspziube1O_A2MkxKHM,Neymar | Now Showing | Book Tickets | VOX Cinemas UAE,,"Ready to watch Neymar? Watch the latest movies in Dubai, Ajman, Fujairah, Abu Dhabi, and Ras Al Khaimah with VOX Cinemas."
2023-05-17 20:25:28.012000,1761259068,https://www.pieceofdress.com/,PIECE OF DRESS |  WEAR WITH CONFIDENCE,"pieceofdress, pod, malaysia, woman clothing, online shopping, live shopping, bank, insurance, beauty, sale,bra","provides modern, simple, and casual style, keep bringing the latest trend and unique fashion."
2023-05-17 20:25:29.199000,1761261373,https://thepatriots.store/store/books/kitab-tamadun-korea-pra-tempah/?fbclid=IwAR2c3dmA0PLg3hDQrlWS6tjKN_hLWwAq21floqJvWPPWrh5WZMoMSb5aEOY,Kitab Tamadun Korea (Pra-Tempah) - Patriots Publishing,,"Sejarahnya bermula ketika ribuan tahun yang lalu, ketika raja Korea bernama Dangun yang berasal dari kayangan, ke era tiga kerajaan Korea saling berperang demi menguasai seluruh semenanjung, sehinggalah kepada berdirinya Joseon"
2023-05-17 20:25:30.262000,1761259668,https://bioskoponline.com/film/5lK2e1lrDqR0OBM,Bioskop Online,,Nikmati semua film Indonesia hanya di Bioskop online dengan streaming online.
2023-05-17 20:25:32.053000,1761258906,https://www.reserved.com/lt/lt/baggy-trousers-1-0807p-87x?utm_source=facebook,"Baggy trousers, RESERVED, 0807P-87X","Baggy trousers, , khaki, RESERVED","Baggy trousers, , khaki, RESERVED"
2023-05-17 20:25:36.317000,1761261678,https://www.beaybl.com/collections/reflex,Reflex | Women‚Äôs Gym Wear ‚Äì AYBL,,Looking for a ribbed activewear set or contour leggings to take your training to the next level? Look no further than Reflex. Shop now.
2023-05-17 20:25:44.564000,1761260104,https://mondai.tudelftcampus.nl/en/event/accelerating-fintech-adoption-delft-fintech-lab/?li_fat_id=f8aae082-0ab2-4cca-bbb4-d2110fa765ff,Accelerating FinTech Adoption: The Delft FinTech Lab - Mondai,,"Banks, Pension funds, Regulators, Insurance companies, Payment companies, other finance sectors and researchers from TU Delft join together here to explore new possibilities in the future of Finance."
2023-05-17 20:25:45.192000,1761260857,https://www.booking.com:443/hotel/nl/kuifmees-oisterwijk.en-gb.html?label=gen173nr-1FCAsoqQFCE2t1aWZtZWVzLW9pc3RlcndpamtIM1gEaJUCiAEBmAEJuAEYyAEM2AEB6AEB-AEDiAIBqAIEuAKWnJSjBsACAdICJDQzMjg1ODhlLTA5MDctNGQ3ZC1iNjYwLWNkYzM3YTU3ZWUzZtgCBeACAQ&sid=f433217356934bd0522c601f1b11f34d&dist=0&keep_landing=1&sb_price_type=total&type=total&utm_medium=SPPC&,"Kuifmees vakantiewoningen Oisterwijk, Oisterwijk ‚Äì Updated 2023 Prices","Kuifmees vakantiewoningen Oisterwijk, Oisterwijk, Netherlands, R:Noord-Brabant, Hotel, Hotels","22 km from Brabanthallen Exhibition Centre, Kuifmees vakantiewoningen Oisterwijk is a recently renovated property set in Oisterwijk and offers..."
2023-05-17 20:25:46.868000,1761258813,https://www.latimes.com/world-nation/story/2023-05-17/starbucks-racism-viral-fame-led-to-diversity-dei-project-that-the-founders-canceled,'Starbucks racism' fame led to DEI project. It was canceled  - Los Angeles Times,,A Black woman and a white woman who made a 'Starbucks racism' video that went viral joined to combat racism and teach DEI workshops. Now they don't speak to each other.
2023-05-17 20:25:47.514000,1761257166,https://give.barrierreef.org/donate/plant-a-coral-2023-7?fbclid=IwAR1qwXGCD5je341zgMRMpX5rR2efuPCPrzKYtQV6iyx67fAPpm6Ua6X5dIg,Plant A Coral,"When you give today, you will help plant corals on priority areas of the Reef that have suffered damage.","When you give today, you will help plant corals on priority areas of the Reef that have suffered damage."
2023-05-17 20:25:48.982000,1761256955,https://www.pro-distributing.com/products/fujifilm-instax-stripe-film-pack-instant-print-mini-cameras-10-sheets?currency=USD&variant=31520812892206&utm_medium=cpc&utm_source=google&utm_campaign=Google+Shopping&gclid=CjwKCAjw9pGjBhB-EiwAa5jl3J--aPPB4bm8OT135-9afeXhLN3shAVBWUUKNJxPVYun2_vcGhidSBoC3TwQAvD_BwE,Fujifilm Instax Stripe Film Pack Instant Print Mini Cameras 10 Sheets | Pro-Distributing,,"Instax Mini Film features credit card size instant photos with quirky borders that you can leave blank and write a personal fun message. You can fit them into a purse, wallet or mini photo frame or hand them out to all your friends and family. Onl..."
2023-05-17 20:25:48.984000,1761261832,https://judykingauthor.com/?utm_source=Facebook,Home | Judy King,,Welcome to the website of Judy King.
2023-05-17 20:25:49.952000,1761257602,https://olyvogue.com/products/wholesale-stainless-steel-fruit-peeler-oly-kw-hjy003?currency=USD&variant=43038588797090&utm_medium=cpc&utm_source=google&utm_campaign=Google+Shopping&gclid=CjwKCAjw9pGjBhB-EiwAa5jl3NqfNmrF8PccAMTOlXnEAIAX668W-K5mSV66nyY1Mx7TJV0AobUR3hoC5H8QAvD_BwE,Wholesale Stainless Steel Fruit Peeler OLY-KW-HJY003,,Product Descriptions Item No: OLY-KW-HJY003 Weight: 40g Minimum Quantity: 2 Product Type: Kitchenware Brand: HJY Material: Stainless Steel Quality Level: AAAA
2023-05-17 20:25:50.212000,1761260238,https://www.deputy.com/features?utm_source=shrm&utm_medium=paid-media&utm_campaign=PD-23Q2-AMER-SHRM-Display-Ad#bucket-compliance-bucket,Employee Scheduling Software - Book A Demo Here ‚Äî Deputy,,"Lead efficient teams; anywhere, anytime with the leading cloud-based employee shift scheduling software in the US. Click here and check out our product tour!"
2023-05-17 20:25:50.754000,1761261388,https://dynamiccomfortacandheating.com/,"Air Conditioning Replacement Catalina Foothills, AZ & Marana, AZ, Heating Repair Oro Valley, AZ | AC Repair Casas Adobes, AZ | Air Conditioning Maintenance & Central Air Installation | Dynamic Comfort AC and Heating",,"Dynamic Comfort AC and Heating provides Air Conditioning Maintenance, Central Air Installation and AC Repair in the Oro Valley, AZ and Marana, AZ area. Call now!"
2023-05-17 20:25:54.226000,1761258496,https://m.youtube.com/watch?v=BuWRbMpaGv8&feature=youtu.be,wall hanging #shorts #youtubeshorts #art and craft - YouTube,"video, sharing, camera phone, video phone, free, upload","Share your videos with friends, family, and the world"
2023-05-17 20:25:55.521000,1761258047,https://www.pazarama.com/catelli-100-deri-ortopedik-erkek-yazlik-rahat-gunluk-carik-ayakkabi-40-45-p-4900005104337?magaza=taspinar-ayakkabi,Catelli %100 Deri Ortopedik Erkek Yazlƒ±k Rahat G√ºnl√ºk √áarƒ±k Ayakkabƒ± 40-45 Fiyatlarƒ± ve Modelleri - Pazarama,,Pazarama
2023-05-17 20:26:04.158000,1761259432,https://www.nike.com.pe/productos/alianza-lima/arma-tu-look?utm_source=paidmedia&utm_medium=metaads&utm_campaign=nike_alianza_transacciones&utm_content=carrusel3_alianza&fbclid=IwAR3MGlCDdi9G2CnBCAlWTOIHIWjFgspBdnu8O_K5XCCBHfm6p7D0tzZa7Zo,Encuentra lo mejor de Nike. Obt√©n la innovaci√≥n que estas buscando en la Tienda Oficial de Nike. Arma tu look ahora,Arma tu look,Arma tu look
2023-05-17 20:26:08.873000,1761257331,https://scwist.ca/,Homepage - SCWIST,,Are you a...
2023-05-17 20:26:11.367000,1761260403,https://one-call.ca/?fbclid=IwAR1HBq5aaXcwbSbdswvyuJkoHD93Kr6lkcIevQmAPNVxaGKbCUKmORvEizM,Halifax Paving Services | One Call Paving Ltd.,,"Reliable, Professional Paving Company. Quality workmanship at competitive rates. Seniors Discount. Written Guarantee. Call Us For A Free No Obligation Quote Today! 902-462-8883"
2023-05-17 20:26:12.564000,1761260039,https://www.facebook.com/login/?next=https%3A%2F%2Fwww.facebook.com%2Fpeople%2FVarelass-Construction-LLC%2F100090716595107%2F&_fb_noscript=1,Varelas's Construction LLC FB page,,"See posts, photos and more on Facebook."
2023-05-17 20:26:20.207000,1761261942,https://m.youtube.com/watch?v=3dzOUpEB_zY&feature=youtu.be,Namaste Warriors - Siren Call (Visualizer) - YouTube,"video, sharing, camera phone, video phone, free, upload","Share your videos with friends, family, and the world"
2023-05-17 20:26:20.848000,1761259799,https://www.recliner-chairs-91869.com?backfill=0&lrt=1&KW1=United+States&KW2=Reclining+Chair&KW3=Chair+Recliner&domainname=0&searchbox=0&network=taboola&subid1=f63d17a33219f78250e321ef62d51717cdf1d0e38dcc09bb9d3c68e4c7a76da6&track_id=f63d17a33219f78250e321ef62d51717cdf1d0e38dcc09bb9d3c68e4c7a76da6&kcoptimize=1&theme=MoniPlus&vertical=Home+%26+Garden&offer=Recliner+Chairs+PR&kw=Poltrona+reclinabile+in+Treviso%3A+I+prezzi+ti+potrebbero+sorprendere,recliner-chairs-91869.com,,"United States,Reclining Chair,Chair Recliner"
2023-05-17 20:26:23.290000,1761260563,https://www.ottplay.com/news/ektaa-r-kapoor-only-indian-to-make-it-to-40-most-influential-women-in-international-film/265e47942d782?utm_source=ht&utm_medium=web&utm_campaign=hp_collection,Ektaa R Kapoor only Indian to make it to 40 Most Influential Women in International Film,"Ektaa Kapoor,Ektaa Kapoor achievement,Ektaa Kapoor projects,Kathal,Dream Girl 2,Rhea Kapoor,Kareena Kapoor Khan,Hansal Mehta,Balaji Telefilms",Ektaa R Kapoor has been making a mark across South Asia
2023-05-17 20:26:26.162000,1761258481,https://www.shoes-footwear-54408.com?backfill=0&KW1=Mens+Sneakers+Sale&KW2=Women+Sneakers+Sale&KW3=Clearance+Sale&KW4=The+Best+Mens+Sneakers+Sale&KW5=Best+Cheapest+Women+Sneakers+Sale&KW6=United+States&domainname=0&searchbox=0&network=taboola&subid1=30ee9c149cb95d6268112fad1fd16017b4d33a7c9d7ea4286c504b3795ea28a3&track_id=30ee9c149cb95d6268112fad1fd16017b4d33a7c9d7ea4286c504b3795ea28a3&kcoptimize=1&theme=MoniPlus&vertical=Shopping&offer=Shoes+%26+Footwear+PR&kw=Sneaker+Sale%3A+Men%27s+and+Women%27s+Styles+May+Have+Amazing+Prices%21,shoes-footwear-54408.com,,"Mens Sneakers Sale,Women Sneakers Sale,Clearance Sale,The Best Mens Sneakers Sale,Best Cheapest Women Sneakers Sale,United States"
2023-05-17 20:26:27.798000,1761260717,https://www.bilety24.pl/koncert/1002-recital-zbigniewa-zamachowskiego-87199?id=470614,"Bilety24 ‚Äì Recital Zbigniewa Zamachowskiego, Gliwice",,"Recital Zbigniewa Zamachowskiego, Gliwice, 25.05.2023 18:30. Kup bilety w serwisie B24"
2023-05-17 20:26:28.370000,1761260169,https://www.amazon.com/dp/B07Q5VM719/ref=syn_sd_offsite_mobileweb_50?ie=UTF8,"Jockey Men's Active Basic Fleece Jogger Sweatpants Pants, Brushed Back Light Heather Grey, X-Large at Amazon Men‚Äôs Clothing store",,"Buy Jockey Men's Active Basic Fleece Jogger Sweatpants Pants, Brushed Back Light Heather Grey, X-Large and other Active at Amazon.com. Our wide selection is elegible for free shipping and free returns."
2023-05-17 20:26:29.687000,1761260122,https://www.trintech.com/blog/intercompany-accounting-best-practices/?utm_source=google&utm_medium=cpc&utm_campaign=kws&gclid=EAIaIQobChMI8Zq84e_8_gIVt0EJCR3uRgY2EAEYASAAEgJPefD_BwE,Intercompany Accounting Best Practices - Trintech,,Discover 5 intercompany accounting best practices to create a best-in-class intercompany transactions approach while effectively managing financial risk.
2023-05-17 20:26:31.105000,1761258852,https://www.mydesignrepublic.com/products/heirloom-transitional-multi-rug?variant=39781537349667&currency=CAD&utm_source=google&utm_campaign=sag_organic&utm_source+=google&utm_medium=product_sync&utm_campaign+=shopping&utm_content=Heirloom+Transitional+Multi+Rug+9'+x+12'&gclid=EAIaIQobChMIx8r_4O_8_gIVtRGICR2kTAAfEAEYASABEgJuBvD_BwE,Heirloom Transitional Multi Rug,,"The Heirloom Transitional Multi Rug is a carefully created rug that features durable construction and high-quality, fade-resistant fibers. Perfect for busy areas."
2023-05-17 20:26:33.149000,1761261017,https://safetystartswith2.com/Home/twclid/2-3x9s2rr0sa6paxcrulxmcjw70?utm_source=twitter&utm_medium=paid&utm_campaign=ssw2_ifalpa_ads,A Dangerous Idea: Removing Pilots from the Flight Deck,,Pilots around the globe are unified in the fight against reduced crew operations.
2023-05-17 20:26:34.297000,1761260739,https://www.aldoshoes.com/us/en_US/women/reia-white/p/13567225?gclsrc=aw.ds&gclid=CjwKCAjw9pGjBhB-EiwAa5jl3LblahcOZ1UhvB2ZJ03IsHO8LjUgInIdSI0JNCu0M8gtdgca72qRShoC8FIQAvD_BwE,Reia White Women's Low top sneakers | ALDO US,,Reia
2023-05-17 20:26:41.815000,1761261767,https://www.menandmice.com/microsoft-selected-partner?rdt_cid=3809597158640779408&utm_campaign=free+trial&utm_medium=paid+social&utm_source=reddit,Men&Mice ‚Äî Micetro by Men&Mice is Microsoft Selected Partner,"DDI microsoft, DDI Azure","Microsoft is an integral part of your core network service solutions, but as you bring in other platforms like public cloud, you need an abstraction DDI layer like Micetro to work across all your platforms and offer you a single GUI and API."
2023-05-17 20:26:51.265000,1761260302,https://www.facebook.com/login/?next=https%3A%2F%2Fwww.facebook.com%2F&_fb_noscript=1,Azuu Yachting FB page,,"See posts, photos and more on Facebook."
